{
  "model": "ibm-granite/granite-3.1-3b-a800m-instruct",
  "n_experts": 40,
  "moe_layers": 32,
  "topk": 8,
  "n_prompts": 10,
  "total_tokens_per_layer": 1699,
  "router_kept_fp16": true,
  "results": {
    "4": {
      "top8_overlap": 0.9398152405826957,
      "ws_jaccard": 1.0,
      "touched": 1280,
      "router_dtype": "torch.float16"
    },
    "2": {
      "top8_overlap": 0.42450292451442023,
      "ws_jaccard": 0.9918346774193548,
      "touched": 1280,
      "router_dtype": "torch.float16"
    }
  },
  "ws_jaccard_per_layer": {
    "4": {
      "0": 1.0,
      "1": 1.0,
      "2": 1.0,
      "3": 1.0,
      "4": 1.0,
      "5": 1.0,
      "6": 1.0,
      "7": 1.0,
      "8": 1.0,
      "9": 1.0,
      "10": 1.0,
      "11": 1.0,
      "12": 1.0,
      "13": 1.0,
      "14": 1.0,
      "15": 1.0,
      "16": 1.0,
      "17": 1.0,
      "18": 1.0,
      "19": 1.0,
      "20": 1.0,
      "21": 1.0,
      "22": 1.0,
      "23": 1.0,
      "24": 1.0,
      "25": 1.0,
      "26": 1.0,
      "27": 1.0,
      "28": 1.0,
      "29": 1.0,
      "30": 1.0,
      "31": 1.0
    },
    "2": {
      "0": 1.0,
      "1": 0.8387096774193549,
      "2": 1.0,
      "3": 1.0,
      "4": 1.0,
      "5": 1.0,
      "6": 1.0,
      "7": 1.0,
      "8": 1.0,
      "9": 1.0,
      "10": 1.0,
      "11": 0.975,
      "12": 1.0,
      "13": 1.0,
      "14": 1.0,
      "15": 1.0,
      "16": 1.0,
      "17": 0.975,
      "18": 1.0,
      "19": 1.0,
      "20": 1.0,
      "21": 1.0,
      "22": 1.0,
      "23": 1.0,
      "24": 1.0,
      "25": 1.0,
      "26": 1.0,
      "27": 1.0,
      "28": 1.0,
      "29": 1.0,
      "30": 1.0,
      "31": 0.95
    }
  }
}