{
  "schema":"ds4_ste_trainer_result_v1",
  "layer":15,"expert":176,"seed":1337,
  "models":{"teacher":"C:\\ds4-models\\ds4-2bit.gguf","q1":"C:\\ds4-models\\ds4-q1-layers0-42-derived.gguf"},
  "trace_manifests":["C:\\Users\\imanu\\g130i\\trace_out\\l15e176_A.manifest.json"],
  "split":{"strategy":"deterministic request/session-disjoint 70/15/15","train":[0,1,2,3,4,5,6,7,8,9,10,11,12,13,14,15,16,17,18,19,20,21,22,23,24,25,26,27,28,29,30,31,32,33,34,35,36,37,38,39,40,41,42,43,44,45,46,47,48,49,50,51,52,53,54,55,56,57,58,59,60,61,62,63,151,152,153,154,155,156,157,158,159,160,161,162,163,164,165,166,167,168,169,170,171,172,173,174,175,176,177,178,179,180,181,182,183,184,185,186,187,188,189,190,191,192,193,194,195,196,197,198,199,200,201,202,203,204,205,206,207,208,209,210,211,212,213,214,215,216,217,218,219,220,221,222,223,224,225,226,227,228,229,230,231,232,233,234,235,236,237,238,239,240,241,242,243,244,245,246,247,248,249,250,251,252,253,254,255],"val":[113,114,115,116,117,118,119,120,121,122,123,124,125,126,127,128,129,130,131,132,133,134,135,136,137,138,139,140,141,142,143,144,145,146,147,148,149,150],"test":[64,65,66,67,68,69,70,71,72,73,74,75,76,77,78,79,80,81,82,83,84,85,86,87,88,89,90,91,92,93,94,95,96,97,98,99,100,101,102,103,104,105,106,107,108,109,110,111,112]},
  "design":{"group_size":128,"format_type":41,"bpw":1.125,"scale_parameterization":"learned_log_scale","latent_init":"teacher_fp32","ste":"identity_through_sign","optimizer":"Adam","schedule":"cosine","loss_weighting":"gate","lora_rank":4},
  "training":{"epochs_requested":100,"epochs_run":100,"best_epoch":92,"initial_validation_loss":0.040219536056081723,"best_validation_loss":0.030685102029526179,"sign_flips_from_teacher":{"gate":19524,"up":17096,"down":475729},"scale_ratios_from_initial":{"gate":[0.89562643660730545,1.0160425855893369,1.1240927446922906],"up":[0.89317820523570313,1.0166467418954026,1.1197874764234907],"down":[0.89624995924519513,1.0267772831099555,1.1203423944476081]}},
  "metrics":{
    "q1_baseline":{"train":{"samples":169,"cosine":0.5842130149664575,"nmse":0.67508120702333585,"weighted_cosine":0.59151809513738707,"weighted_nmse":0.67065305140499953},"val":{"samples":38,"cosine":0.59026831333288077,"nmse":0.6705209012385529,"weighted_cosine":0.58973686311355877,"weighted_nmse":0.67141793276939421},"test":{"samples":49,"cosine":0.60170317936286988,"nmse":0.65900740772518718,"weighted_cosine":0.60601625332663167,"weighted_nmse":0.65798269150503552}},
    "recovered":{"train":{"samples":169,"cosine":0.90202275033759904,"nmse":0.18678547264534553,"weighted_cosine":0.94752574371421983,"weighted_nmse":0.10235386710625725},"val":{"samples":38,"cosine":0.68357498855823273,"nmse":0.53437092996497537,"weighted_cosine":0.69968847265749334,"weighted_nmse":0.51225403944246084},"test":{"samples":49,"cosine":0.70098881580034544,"nmse":0.51000722589357994,"weighted_cosine":0.74576450335919953,"weighted_nmse":0.44532553087375026}}},
  "artifacts":{"q1_payload_bytes":3538944,"lora_fp16_bytes":147456,"q1_sha256":{"gate":"52ded73e044e3404962a9ffb19757395e00e496f88ce2ae16d1a7684edd90b0f","up":"dd8c317d031eb13ae60a5926e7b2ab6b6ed8d7d41563e15b5aee506fef574291","down":"8dbcaa902b6e697aa1549fd0db1788d6b8083ea4335a658c61079fd010ff7d8d"}},
  "source_types":{"teacher":[16,16,10],"q1":[41,41,41]},
  "resources":{"wall_seconds":169.01021069999999,"peak_working_set_bytes":589352960}
}
