{
  "schema":"ds4_ste_trainer_result_v1",
  "layer":15,"expert":176,"seed":1337,
  "models":{"teacher":"C:\\ds4-models\\ds4-2bit.gguf","q1":"C:\\ds4-models\\ds4-q1-layers0-42-derived.gguf"},
  "trace_manifests":["C:\\Users\\imanu\\g130i\\trace_out\\l15e176_A.manifest.json"],
  "split":{"strategy":"deterministic request/session-disjoint 70/15/15","train":[0,1,2,3,4,5,6,7,8,9,10,11,12,13,14,15,16,17,18,19,20,21,22,23,24,25,26,27,28,29,30,31,32,33,34,35,36,37,38,39,40,41,42,43,44,45,46,47,48,49,50,51,52,53,54,55,56,57,58,59,60,61,62,63,151,152,153,154,155,156,157,158,159,160,161,162,163,164,165,166,167,168,169,170,171,172,173,174,175,176,177,178,179,180,181,182,183,184,185,186,187,188,189,190,191,192,193,194,195,196,197,198,199,200,201,202,203,204,205,206,207,208,209,210,211,212,213,214,215,216,217,218,219,220,221,222,223,224,225,226,227,228,229,230,231,232,233,234,235,236,237,238,239,240,241,242,243,244,245,246,247,248,249,250,251,252,253,254,255],"val":[113,114,115,116,117,118,119,120,121,122,123,124,125,126,127,128,129,130,131,132,133,134,135,136,137,138,139,140,141,142,143,144,145,146,147,148,149,150],"test":[64,65,66,67,68,69,70,71,72,73,74,75,76,77,78,79,80,81,82,83,84,85,86,87,88,89,90,91,92,93,94,95,96,97,98,99,100,101,102,103,104,105,106,107,108,109,110,111,112]},
  "design":{"group_size":128,"format_type":41,"bpw":1.125,"scale_parameterization":"learned_log_scale","latent_init":"teacher_fp32","ste":"identity_through_sign","optimizer":"Adam","schedule":"cosine","loss_weighting":"gate","lora_rank":0},
  "training":{"epochs_requested":30,"epochs_run":30,"best_epoch":30,"initial_validation_loss":0.040219536056081723,"best_validation_loss":0.036546561753999861,"sign_flips_from_teacher":{"gate":0,"up":0,"down":137947},"scale_ratios_from_initial":{"gate":[0.9838155086513326,1.0018062663141492,1.0164883016872801],"up":[0.98384694017943841,1.0017852001357066,1.0164507381783947],"down":[0.98434599154482139,1.0040884772211283,1.016294682722175]}},
  "metrics":{
    "q1_baseline":{"train":{"samples":169,"cosine":0.5842130149664575,"nmse":0.67508120702333585,"weighted_cosine":0.59151809513738707,"weighted_nmse":0.67065305140499953},"val":{"samples":38,"cosine":0.59026831333288077,"nmse":0.6705209012385529,"weighted_cosine":0.58973686311355877,"weighted_nmse":0.67141793276939421},"test":{"samples":49,"cosine":0.60170317936286988,"nmse":0.65900740772518718,"weighted_cosine":0.60601625332663167,"weighted_nmse":0.65798269150503552}},
    "recovered":{"train":{"samples":169,"cosine":0.71284365186056153,"nmse":0.53260897438004773,"weighted_cosine":0.75824209167648982,"weighted_nmse":0.48066457397695955},"val":{"samples":38,"cosine":0.63554863431763331,"nmse":0.62049420965740443,"weighted_cosine":0.64534861941832999,"weighted_nmse":0.6100989984638302},"test":{"samples":49,"cosine":0.64969768123832905,"nmse":0.60499076056358803,"weighted_cosine":0.68230702675134236,"weighted_nmse":0.57149799370859844}}},
  "artifacts":{"q1_payload_bytes":3538944,"lora_fp16_bytes":0,"q1_sha256":{"gate":"0b90482e067513b766abd0e8f903c035d656fc3669da1304443e1fec4324ce04","up":"b13babdd6e314635e7afdccf84da939f3711246ec3c588d61223da34e43d26c8","down":"0214cd477f61de0181f25433e660a07a9d456825f82a717768ee6f7045de93ea"}},
  "source_types":{"teacher":[16,16,10],"q1":[41,41,41]},
  "resources":{"wall_seconds":52.394975899999999,"peak_working_set_bytes":587698176}
}
