{
  "extent_count": 6841,
  "format": "ds4-windows-sparse-bake",
  "full_routed_layers": [
    0,
    1,
    2
  ],
  "logical_savings_bytes": 25480396800,
  "logical_savings_gib": 23.73046875,
  "mask_name": "k65_coding.txt",
  "mask_sha256": "8e44588d0eeca63f58e06ebd577563142d22cfb53509caad1e685f6589264365",
  "merge_gap": 4096,
  "payload_bytes": 61239714688,
  "payload_gib": 57.033928751945496,
  "retained_count_by_layer": {
    "10": 166,
    "11": 166,
    "12": 166,
    "13": 166,
    "14": 166,
    "15": 166,
    "16": 166,
    "17": 166,
    "18": 166,
    "19": 166,
    "20": 166,
    "21": 166,
    "22": 166,
    "23": 166,
    "24": 166,
    "25": 166,
    "26": 166,
    "27": 166,
    "28": 166,
    "29": 166,
    "3": 166,
    "30": 166,
    "31": 166,
    "32": 166,
    "33": 166,
    "34": 166,
    "35": 166,
    "36": 166,
    "37": 166,
    "38": 166,
    "39": 166,
    "4": 166,
    "40": 166,
    "41": 166,
    "42": 166,
    "5": 166,
    "6": 166,
    "7": 166,
    "8": 166,
    "9": 166
  },
  "routed_tensor_count": 129,
  "source_model_name": "ds4-2bit.gguf",
  "source_model_sha256": null,
  "source_model_size": 86720111488,
  "tensor_count": 1328,
  "version": 1
}
