{
  "extent_count": 6601,
  "format": "ds4-windows-sparse-bake",
  "full_routed_layers": [
    0,
    1,
    2
  ],
  "logical_savings_bytes": 23781703680,
  "logical_savings_gib": 22.1484375,
  "mask_name": "k67_2_coding.txt",
  "mask_sha256": "a88266fb8738914130f9a3d09155f39da3a3dcad1d9c3d8a501ed2feda5cf93f",
  "merge_gap": 4096,
  "payload_bytes": 62938407808,
  "payload_gib": 58.615960001945496,
  "retained_count_by_layer": {
    "10": 172,
    "11": 172,
    "12": 172,
    "13": 172,
    "14": 172,
    "15": 172,
    "16": 172,
    "17": 172,
    "18": 172,
    "19": 172,
    "20": 172,
    "21": 172,
    "22": 172,
    "23": 172,
    "24": 172,
    "25": 172,
    "26": 172,
    "27": 172,
    "28": 172,
    "29": 172,
    "3": 172,
    "30": 172,
    "31": 172,
    "32": 172,
    "33": 172,
    "34": 172,
    "35": 172,
    "36": 172,
    "37": 172,
    "38": 172,
    "39": 172,
    "4": 172,
    "40": 172,
    "41": 172,
    "42": 172,
    "5": 172,
    "6": 172,
    "7": 172,
    "8": 172,
    "9": 172
  },
  "routed_tensor_count": 129,
  "source_model_name": "ds4-2bit.gguf",
  "source_model_sha256": null,
  "source_model_size": 86720111488,
  "tensor_count": 1328,
  "version": 1
}
