{
  "extent_count": 6330,
  "format": "ds4-windows-sparse-bake",
  "full_routed_layers": [
    0,
    1,
    2
  ],
  "logical_savings_bytes": 21799895040,
  "logical_savings_gib": 20.302734375,
  "mask_name": "k70_coding.txt",
  "mask_sha256": "10369f92e9f631c614b6ef7f81014f787fdf2f236a051ffdd5bfa574ba120b04",
  "merge_gap": 4096,
  "payload_bytes": 64920216448,
  "payload_gib": 60.461663126945496,
  "retained_count_by_layer": {
    "10": 179,
    "11": 179,
    "12": 179,
    "13": 179,
    "14": 179,
    "15": 179,
    "16": 179,
    "17": 179,
    "18": 179,
    "19": 179,
    "20": 179,
    "21": 179,
    "22": 179,
    "23": 179,
    "24": 179,
    "25": 179,
    "26": 179,
    "27": 179,
    "28": 179,
    "29": 179,
    "3": 179,
    "30": 179,
    "31": 179,
    "32": 179,
    "33": 179,
    "34": 179,
    "35": 179,
    "36": 179,
    "37": 179,
    "38": 179,
    "39": 179,
    "4": 179,
    "40": 179,
    "41": 179,
    "42": 179,
    "5": 179,
    "6": 179,
    "7": 179,
    "8": 179,
    "9": 179
  },
  "routed_tensor_count": 129,
  "source_model_name": "ds4-2bit.gguf",
  "source_model_sha256": null,
  "source_model_size": 86720111488,
  "tensor_count": 1328,
  "version": 1
}
