{
  "extent_count": 4921,
  "format": "ds4-windows-sparse-bake",
  "full_routed_layers": [
    0,
    1,
    2
  ],
  "logical_savings_bytes": 14438891520,
  "logical_savings_gib": 13.447265625,
  "mask_name": "k80_coding.txt",
  "mask_sha256": "1f3a032ea862d07892dccbacef20e7b05cfe8e4862d1444a63efb799fe3d1f0d",
  "merge_gap": 4096,
  "payload_bytes": 72281219968,
  "payload_gib": 67.3171318769455,
  "retained_count_by_layer": {
    "10": 205,
    "11": 205,
    "12": 205,
    "13": 205,
    "14": 205,
    "15": 205,
    "16": 205,
    "17": 205,
    "18": 205,
    "19": 205,
    "20": 205,
    "21": 205,
    "22": 205,
    "23": 205,
    "24": 205,
    "25": 205,
    "26": 205,
    "27": 205,
    "28": 205,
    "29": 205,
    "3": 205,
    "30": 205,
    "31": 205,
    "32": 205,
    "33": 205,
    "34": 205,
    "35": 205,
    "36": 205,
    "37": 205,
    "38": 205,
    "39": 205,
    "4": 205,
    "40": 205,
    "41": 205,
    "42": 205,
    "5": 205,
    "6": 205,
    "7": 205,
    "8": 205,
    "9": 205
  },
  "routed_tensor_count": 129,
  "source_model_name": "ds4-2bit.gguf",
  "source_model_sha256": null,
  "source_model_size": 86720111488,
  "tensor_count": 1328,
  "version": 1
}
