{
  "extent_count": 3886,
  "format": "ds4-windows-sparse-bake",
  "full_routed_layers": [
    0,
    1,
    2
  ],
  "logical_savings_bytes": 10758389760,
  "logical_savings_gib": 10.01953125,
  "mask_name": "k85_coding.txt",
  "mask_sha256": "50109895d5a85982b312f9fd45e7064e859b233ffa41f42229d1c04e0a842487",
  "merge_gap": 4096,
  "payload_bytes": 75961721728,
  "payload_gib": 70.7448662519455,
  "retained_count_by_layer": {
    "10": 218,
    "11": 218,
    "12": 218,
    "13": 218,
    "14": 218,
    "15": 218,
    "16": 218,
    "17": 218,
    "18": 218,
    "19": 218,
    "20": 218,
    "21": 218,
    "22": 218,
    "23": 218,
    "24": 218,
    "25": 218,
    "26": 218,
    "27": 218,
    "28": 218,
    "29": 218,
    "3": 218,
    "30": 218,
    "31": 218,
    "32": 218,
    "33": 218,
    "34": 218,
    "35": 218,
    "36": 218,
    "37": 218,
    "38": 218,
    "39": 218,
    "4": 218,
    "40": 218,
    "41": 218,
    "42": 218,
    "5": 218,
    "6": 218,
    "7": 218,
    "8": 218,
    "9": 218
  },
  "routed_tensor_count": 129,
  "source_model_name": "ds4-2bit.gguf",
  "source_model_sha256": null,
  "source_model_size": 86720111488,
  "tensor_count": 1328,
  "version": 1
}
