{
  "extent_count": 2803,
  "format": "ds4-windows-sparse-bake",
  "full_routed_layers": [
    0,
    1,
    2
  ],
  "logical_savings_bytes": 7361003520,
  "logical_savings_gib": 6.85546875,
  "mask_name": "k90_coding.txt",
  "mask_sha256": "4b8a59c83858fb9aa5f39f08bf0640735fc662f310b3675e90dc930544223414",
  "merge_gap": 4096,
  "payload_bytes": 79359107968,
  "payload_gib": 73.9089287519455,
  "retained_count_by_layer": {
    "10": 230,
    "11": 230,
    "12": 230,
    "13": 230,
    "14": 230,
    "15": 230,
    "16": 230,
    "17": 230,
    "18": 230,
    "19": 230,
    "20": 230,
    "21": 230,
    "22": 230,
    "23": 230,
    "24": 230,
    "25": 230,
    "26": 230,
    "27": 230,
    "28": 230,
    "29": 230,
    "3": 230,
    "30": 230,
    "31": 230,
    "32": 230,
    "33": 230,
    "34": 230,
    "35": 230,
    "36": 230,
    "37": 230,
    "38": 230,
    "39": 230,
    "4": 230,
    "40": 230,
    "41": 230,
    "42": 230,
    "5": 230,
    "6": 230,
    "7": 230,
    "8": 230,
    "9": 230
  },
  "routed_tensor_count": 129,
  "source_model_name": "ds4-2bit.gguf",
  "source_model_sha256": null,
  "source_model_size": 86720111488,
  "tensor_count": 1328,
  "version": 1
}
