{
  "extent_count": 7089,
  "format": "ds4-windows-sparse-bake",
  "full_routed_layers": [
    0,
    1,
    2
  ],
  "logical_savings_bytes": 28877783040,
  "logical_savings_gib": 26.89453125,
  "mask_name": "k60_coding.txt",
  "mask_sha256": "80accd9dc1add1f91278fd0fdc8f5b32cb68c27cffc66cda3eabbad9e7ca8c89",
  "merge_gap": 4096,
  "payload_bytes": 57842328448,
  "payload_gib": 53.869866251945496,
  "retained_count_by_layer": {
    "10": 154,
    "11": 154,
    "12": 154,
    "13": 154,
    "14": 154,
    "15": 154,
    "16": 154,
    "17": 154,
    "18": 154,
    "19": 154,
    "20": 154,
    "21": 154,
    "22": 154,
    "23": 154,
    "24": 154,
    "25": 154,
    "26": 154,
    "27": 154,
    "28": 154,
    "29": 154,
    "3": 154,
    "30": 154,
    "31": 154,
    "32": 154,
    "33": 154,
    "34": 154,
    "35": 154,
    "36": 154,
    "37": 154,
    "38": 154,
    "39": 154,
    "4": 154,
    "40": 154,
    "41": 154,
    "42": 154,
    "5": 154,
    "6": 154,
    "7": 154,
    "8": 154,
    "9": 154
  },
  "routed_tensor_count": 129,
  "source_model_name": "ds4-2bit.gguf",
  "source_model_sha256": "efc7ed607ff27076e3e501fc3fefefa33c0ed8cf1eff483a2b7fdc0c2e616668",
  "source_model_size": 86720111488,
  "tensor_count": 1328,
  "version": 1
}
