{
  "schema": "g122_nested_residual_gpu_cache_structural_v1",
  "tag": "g122_nested_vram_exact_20260718T152316479Z_e9a85d95466c",
  "gate_kind": "structural-safety",
  "processes": 1,
  "timing_claim_valid": false,
  "model_sha256": "efc7ed607ff27076e3e501fc3fefefa33c0ed8cf1eff483a2b7fdc0c2e616668",
  "sidecar_sha256": "07199bc5503aa6e2dea10f702c1ca9e8f05a5bf466a56cbed031f6a5fca4bdf9",
  "sidecar_payload_sha256": "02c8cb248a8184e365e2e486653484165db39402fd28320ba621fb4fdb3f7bd8",
  "prompt_sha256": "38f6ec5ee5403f59dd2418eb5d9a5a94a0f0da19df015060383bb1ae46003bb6",
  "expected_content_sha256": "fd6c4522975a71e252b90199d49cfe3236310e2a7285dc0fc4d0e9d0e4885510",
  "executable_sha256": "7b10ac61a0def70823d0ecd58f1b515b95669a334f9f743b9e4d4aa59bb16294",
  "build_input_fingerprint_sha256": "1a5b5813df244951151617749f836b634c1752b31ba90b49876b36551d00ebcd",
  "output_exact": true,
  "server_exit_code": 0,
  "end_to_end_tokens_per_second": 0.559345,
  "server_decode_tokens_per_second": 1.16,
  "server_prefill_ttft_seconds": 58.849,
  "load_seconds": 21.895581,
  "nested_router_calls": 260,
  "nested_exact_cache_hits": 392,
  "nested_exact_cache_misses": 869,
  "nested_residual_preads": 869,
  "nested_residual_bytes": 2733637632,
  "nested_reconstructed": 869,
  "nested_total_h2d_bytes": 8925216768,
  "nested_mismatches": 0,
  "nested_failures": 0,
  "nested_vram_route_calls": 256,
  "nested_vram_hits": 541,
  "nested_vram_misses": 995,
  "nested_vram_host_fills": 995,
  "nested_vram_host_bytes": 7042498560,
  "nested_vram_h2d_bytes": 7042498560,
  "nested_vram_failures": 0
}
